[
    {
      "filename": "ProjetPWEB",
      "type": ".zip"
    },
    {
      "filename": "Logo",
      "type": ".png"
    },
    {
      "filename": "PapierScientifique",
      "type": ".pdf"
    },
    {
      "filename": "Application",
      "type": ".exe"
    },
    {
      "filename": "ProjetPWEB",
      "type": ".zip"
    },
    {
      "filename": "Logo",
      "type": ".png"
    },
    {
      "filename": "PapierScientifique",
      "type": ".pdf"
    },
    {
      "filename": "Application",
      "type": ".exe"
    },
    {
      "filename": "ProjetPWEB",
      "type": ".zip"
    },
    {
      "filename": "Logo",
      "type": ".png"
    },
    {
      "filename": "PapierScientifique",
      "type": ".pdf"
    },
    {
      "filename": "Application",
      "type": ".exe"
    }
  ]